idx,smiles,count
bide-uc-1195,C#CCCC(=O)O,2082
bide-uc-460,CC(C)(C)NCC(=O)O,769
bide-uc-1723,CN[C@H](C)C(=O)O,493
bide-uc-13,CC(C)(C)C(=O)O,487
bide-uc-1281,CC(C)(F)C(=O)O,469
bide-uc-2331,C=C(F)C(=O)O,343
bide-uc-2093,O=C(O)c1c(F)c(F)c(O)c(F)c1F,327
bide-uc-1143,CC(F)(F)C(=O)O,264
bide-uc-679,O=C(O)c1c(F)cc(F)cc1F,166
bide-uc-1453,O=C(O)c1c(F)ccc(F)c1F,162
bide-uc-210,CNC(C)C(=O)O,27
bide-uc-1531,O=C(O)c1cc(F)c(Br)cc1F,26
bide-uc-273,O=C(O)c1ccc(F)cc1F,26
bide-uc-3842,C[C@H](C(=O)O)N(C)C,24
bide-uc-843,Cc1ccc(F)cc1C(=O)O,24
bide-uc-3625,CN(C)C(C)(C)C(=O)O,23
bide-uc-3257,COc1ccc(F)c(F)c1C(=O)O,23
bide-uc-2736,O=C(O)c1c(F)cc(F)cc1Cl,23
bide-uc-2274,CC(F)C(=O)O,23
bide-uc-1548,COc1c(C(=O)O)ccc(F)c1F,22
bide-uc-1552,O=C(O)c1c(F)ccc(Cl)c1F,22
bide-uc-504,O=C(O)C(Cl)Br,22
bide-uc-2782,O=C(O)[C@H]1C[C@H]1F,22
bide-uc-1330,O=C(O)C1CC(F)(F)C1,22
bide-uc-2971,COc1cc(F)c(F)cc1C(=O)O,22
bide-uc-3550,Cc1cc(F)cc(C)c1C(=O)O,20
bide-uc-98,C=C(C)C(=O)[O-],20
bide-uc-2388,O=C(O)c1cc(Br)c(F)cc1F,20
bide-uc-2431,O=C(O)C(O)C(F)(F)F,19
bide-uc-4133,O=C(O)C1CC1F,19
bide-uc-3655,COc1ccc(C(=O)O)c(F)c1F,19
bide-uc-402,O=C(O)c1cc(Cl)ccc1F,18
bide-uc-522,O=C(O)c1c(F)cc(Br)cc1F,18
bide-uc-1688,COc1c(F)cc(C(=O)O)cc1F,18
bide-uc-422,O=C(O)C(F)(F)Br,17
bide-uc-966,C=C(C(=O)O)C(F)(F)F,17
bide-uc-5137,C[C@@H](C(=O)O)N(C)C,17
bide-uc-3018,O=C(O)c1cc(F)cc(F)c1F,17
bide-uc-854,O=C(O)c1cccc(Cl)c1F,16
bide-uc-108,O=C(O)c1ccccc1F,16
bide-uc-1321,O=C(O)c1cc(Br)c(F)c(F)c1F,16
bide-uc-1387,CN(C)C(=O)C(=O)O,15
bide-uc-1601,O=C(O)CCC(F)(F)F,15
bide-uc-3678,Cc1cc(F)cc(Br)c1C(=O)O,15
bide-uc-420,O=C(O)c1cc(F)c(F)c(F)c1,15
bide-uc-2470,O=C(O)c1c(F)c(F)c(Br)c(F)c1F,15
bide-uc-4671,CC(C)C(C)C(=O)O,14
bide-uc-4436,COc1cc(Br)cc(F)c1C(=O)O,14
bide-uc-891,Cc1ccc(C(=O)O)cc1F,14
bide-uc-318,O=C(O)c1cc(F)ccc1F,14
bide-uc-3706,COc1cc(F)c(C(=O)O)c(F)c1,14
bide-uc-1320,CC(C)C(=O)[O-],13
bide-uc-1054,O=C(O)c1cccc(F)c1Br,13
bide-uc-2060,O=C(O)c1c(F)cc(Cl)cc1F,13
bide-uc-810,O=C(O)c1cc(Br)ccc1F,13
bide-uc-2860,O=C(O)c1ccc(Br)c(F)c1F,13
bide-uc-1741,C[C@H](Br)C(=O)O,13
bide-uc-52,CC(C)(Br)C(=O)O,13
bide-uc-1046,O=C(O)c1cccc(F)c1F,13
bide-uc-3896,[2H]c1c([2H])c([2H])c(C(=O)O)c([2H])c1[2H],13
bide-uc-4809,CC(=O)N(C)CC(=O)O,12
bide-uc-943,O=C(O)c1ccc(Cl)c(F)c1,12
bide-uc-3761,O=C(O)c1c(F)ccc(F)c1Br,12
bide-uc-5391,CC1(C(=O)O)CC1(F)F,12
bide-uc-861,O=C(O)c1cc(Cl)c(F)cc1F,12
bide-uc-123,CC(C)=CC(=O)O,12
bide-uc-2341,O=C(O)c1c(F)ccc(O)c1F,11
bide-uc-5113,O=C(O)[C@H]1C[C@@H]1F,11
bide-uc-324,O=C(O)c1cccc(Br)c1,11
bide-uc-1457,Cc1ccc(F)c(C(=O)O)c1,11
bide-uc-835,Cc1c(F)cccc1C(=O)O,11
bide-uc-5369,O=C(O)c1c(F)cc(Cl)cc1Br,10
bide-uc-4530,Cc1ccc(C)c(C(=O)O)c1O,10
bide-uc-731,O=C(O)[c-]1cccc1,10
bide-uc-2153,O=C(O)C1(O)CC1,10
bide-uc-2730,Cc1cc(Br)c(F)cc1C(=O)O,10
bide-uc-4011,CN1CCC=C(C(=O)O)C1,9
bide-uc-812,O=C(O)c1cc(F)c(F)cc1Br,9
bide-uc-827,O=C(O)c1ccc(Br)c(F)c1,9
bide-uc-6,Cc1cccc(C(=O)O)c1,9
bide-uc-4905,CC[C@@H](C)C(=O)O,9
bide-uc-3974,O=C(O)[C@@H]1CNCCO1,9
bide-uc-300,O=C(O)c1ccccc1Br,9
bide-uc-2788,COc1cc(F)c(C(=O)O)cc1F,9
bide-uc-145,O=C(O)c1c(F)c(F)c(F)c(F)c1F,9
bide-uc-154,O=C(O)c1ccc(F)c(F)c1,9
bide-uc-2308,COc1cc(C)c(C(=O)O)c(C)c1,9
bide-uc-1280,COc1ccc(C(=O)O)c(F)c1,8
bide-uc-3607,Cc1c(F)c(F)cc(C(=O)O)c1F,8
bide-uc-332,CC(C)(O)C(=O)O,8
bide-uc-1420,COc1ccc(C(=O)O)c(C)c1,8
bide-uc-350,O=C(O)c1ccc(F)cc1Br,8
bide-uc-3048,CC(C)(C(=O)O)c1cccc(Br)c1,8
bide-uc-2362,Cc1cc(C(=O)O)c(F)cc1F,8
bide-uc-1454,COc1cccc(C)c1C(=O)O,8
bide-uc-1663,Cc1cccc(F)c1C(=O)O,8
bide-uc-5353,O=C(O)c1cc(F)c(F)cc1O,8
bide-uc-1291,O=C(O)c1c(F)ccc(F)c1Cl,8
bide-uc-2198,O=C(O)c1cc(F)c(F)c(Br)c1,8
bide-uc-1972,O=C(O)C1CC1(F)F,8
bide-uc-410,O=C(O)C(F)F,8
bide-uc-1590,O=C(O)c1cccc(F)c1O,7
bide-uc-1368,O=C(O)c1c(O)cccc1F,7
bide-uc-1551,Cc1cc(F)c(C(=O)O)cc1F,7
bide-uc-427,O=C(O)c1ccc(F)c(Cl)c1,7
bide-uc-1760,O=C(O)Cc1c(F)ccc(F)c1F,7
bide-uc-612,O=C(O)Cc1cc(F)c(F)cc1F,7
bide-uc-5419,O=C(O)c1c(Br)cc(F)c(F)c1F,7
bide-uc-3979,O=C(O)Cc1cc(F)cc(F)c1F,7
bide-uc-493,O=C(O)c1cc(F)cc(Br)c1,7
bide-uc-3114,O=C(O)[C@H]1COCCN1,7
bide-uc-2842,CC(C(=O)O)c1ccc(F)cc1,7
bide-uc-91,O=C(O)c1cccc(F)c1,7
bide-uc-1676,Cc1ccc(F)c(C(=O)O)c1F,7
bide-uc-211,O=C(O)c1cc(F)cc(F)c1,7
bide-uc-81,C[C@@H](O)C(=O)O,6
bide-uc-30,COc1ccccc1C(=O)O,6
bide-uc-647,Cc1cc(Br)ccc1C(=O)O,6
bide-uc-245,O=C(O)c1ccc(F)cc1Cl,6
bide-uc-4155,C/C=C(/C)C(=O)O,6
bide-uc-917,Cc1ccc(Br)c(C(=O)O)c1,6
bide-uc-3351,O=C(O)[C@@H]1C[C@H](F)CN1,6
bide-uc-1857,O=C(O)C1CCNC1,6
bide-uc-164,O=C(O)c1c(F)cccc1Cl,6
bide-uc-74,CCCC(=O)[O-],6
bide-uc-2524,O=C(O)C(O)c1cccc(F)c1,6
bide-uc-1040,O=C(O)c1ccc(Br)cc1Br,6
bide-uc-19,Cc1ccccc1C(=O)O,6
bide-uc-3240,O=C([O-])C(F)Cl,6
bide-uc-842,O=C(O)c1ccc(F)cc1O,6
bide-uc-979,COc1cccc(F)c1C(=O)O,6
bide-uc-1164,C[C@@H](Br)C(=O)O,6
bide-uc-382,O=C(O)c1ccc(Cl)cc1F,6
bide-uc-1218,COc1cccc(C(=O)O)c1F,6
bide-uc-113,O=C([O-])C(F)(F)F,6
bide-uc-1509,O=C(O)c1cc(F)c(Cl)c(F)c1,6
bide-uc-1456,Cc1c(C(=O)O)ccc(F)c1F,6
bide-uc-3540,CC[C@H](C)C(=O)O,6
bide-uc-588,C/C=C(\C)C(=O)O,6
bide-uc-5321,Cc1cc(C(=O)O)cc(F)c1F,6
bide-uc-4323,O=C(O)c1ccc(F)c(F)c1Cl,6
bide-uc-457,O=C(O)c1cc(F)c(F)cc1F,6
bide-uc-1019,O=C(O)c1cc(Br)ccc1Br,6
bide-uc-3763,O=C(O)c1c(F)cc(F)c(F)c1F,6
bide-uc-4663,COc1cc(C(=O)O)c(F)c(F)c1F,6
bide-uc-3557,Cc1cc(F)c(C(=O)O)c(F)c1,6
bide-uc-2226,O=C(O)c1c(F)ccc(Br)c1F,6
bide-uc-3215,O=C(O)c1c(F)cc(O)cc1F,6
bide-uc-2146,O=C(O)c1cc(F)c(Br)c(F)c1,6
bide-uc-648,O=C(O)c1cccc(Br)c1F,6
bide-uc-964,O=C(O)Cc1cc(F)ccc1F,5
bide-uc-4737,O=C(O)c1cc(Br)cc(F)c1O,5
bide-uc-1063,O=C(O)Cc1ccc(F)c(F)c1,5
bide-uc-5227,C[C@@H]1OCCN[C@H]1C(=O)O,5
bide-uc-72,CCC(Br)C(=O)O,5
bide-uc-2257,Cc1ccc([C@@H](O)C(=O)O)cc1,5
bide-uc-1256,COc1c(Br)cccc1C(=O)O,5
bide-uc-1080,O=C(O)Cc1ccc(Br)cc1F,5
bide-uc-915,O=C(O)[C@@H]1CCCO1,5
bide-uc-4381,O=C(O)C1COC1,5
bide-uc-261,O=C(O)C(F)(F)Cl,5
bide-uc-3463,C=CC(C)(C)C(=O)O,5
bide-uc-1798,O=C(O)C1CCCOC1,5
bide-uc-597,CC(C)[C@H](O)C(=O)O,5
bide-uc-34,O=C(O)CO,5
bide-uc-947,COc1ccc(C(=O)O)c(Br)c1,5
bide-uc-369,O=C(O)c1ccc(Cl)c(Br)c1,5
bide-uc-2218,O=C(O)c1c(Cl)ccc(F)c1Cl,5
bide-uc-887,O=C(O)c1cc(Cl)cc(Br)c1,5
bide-uc-839,O=C(O)c1cc(F)ccc1O,5
bide-uc-119,CC(C)(C(=O)O)c1ccccc1,5
bide-uc-276,Cc1ccc(C(=O)O)c(C)c1,5
bide-uc-995,O=C(O)CC(F)(F)F,5
bide-uc-380,O=C(O)C(F)(F)C(F)(F)F,5
bide-uc-2414,CC(C)(C(=O)O)C(F)(F)F,5
bide-uc-4844,O=C(O)CC1CC(F)(F)C1,5
bide-uc-559,CCC(C)(O)C(=O)O,5
bide-uc-1522,O=C(O)Cc1cc(F)c(F)c(F)c1,5
bide-uc-4067,C=C(CBr)C(=O)O,5
bide-uc-237,Cc1ccc(C(=O)O)cc1Br,5
bide-uc-4693,O=C(O)[C@@H]1CCOC1,5
bide-uc-4180,O=C(O)C1(O)CCC1,5
bide-uc-962,COc1cc(F)cc(C(=O)O)c1,5
bide-uc-1919,Cc1cc(C(=O)O)c(F)cc1Br,5
bide-uc-1643,COc1cc(C(=O)O)ccc1F,5
bide-uc-70,CNCC(=O)O,5
bide-uc-3005,C[C@@](O)(C(=O)O)C(F)(F)F,5
bide-uc-44,O=C(O)C1CCCN1,5
bide-uc-3316,Cc1cc(C(=O)O)cc(C)c1F,5
bide-uc-354,O=C(O)c1cccc(Cl)c1,5
bide-uc-859,Cc1cc(Br)cc(C(=O)O)c1,5
bide-uc-2129,COc1c(F)cccc1C(=O)O,5
bide-uc-911,Cc1cccc(C)c1C(=O)O,5
bide-uc-5067,O=C(O)[C@H]1C[C@@H](F)CN1,5
bide-uc-1566,Cc1cccc(O)c1C(=O)O,5
bide-uc-18,O=C(O)c1ccc(F)cc1,5
bide-uc-1749,C=C(Cl)C(=O)O,5
bide-uc-2213,O=C(O)c1ccc(Cl)c(F)c1F,5
bide-uc-2367,O=C(O)c1c(Br)cccc1Br,5
bide-uc-2434,O=C(O)[C@@H]1C[C@@H]1F,5
bide-uc-1882,Cc1cc(Br)cc(F)c1C(=O)O,5
bide-uc-76,O=C(O)c1ccc(Br)cc1,5
bide-uc-3825,CC(C)(CF)C(=O)O,5
bide-uc-1978,O=C(O)c1ccc(F)c(F)c1O,5
bide-uc-1568,Cc1cc(F)cc(C(=O)O)c1,5
bide-uc-4103,O=C(O)c1c(O)ccc(F)c1F,5
bide-uc-1883,Cc1cc(F)c(F)cc1C(=O)O,5
bide-uc-3180,O=C(O)c1ccc(F)c(Br)c1F,5
bide-uc-274,O=C(O)c1ccc(F)c(Br)c1,5
bide-uc-2303,O=C(O)c1ccc(F)c(F)c1Br,5
bide-uc-880,O=C([O-])c1ccc(F)c(F)c1F,5
bide-uc-4766,O=C(O)c1cc(Br)cc(F)c1F,5
bide-uc-902,O=C(O)c1cc(F)c(Cl)cc1F,5
bide-uc-2028,O=C(O)C1(F)CC1,5
bide-uc-1097,O=C(O)c1c(F)c(F)cc(F)c1F,5
bide-uc-5276,C[C@@H](C(=O)O)N1CCOCC1,4
bide-uc-3916,O=C(O)Cc1ccc(F)c(Cl)c1F,4
bide-uc-1472,Cn1cccc1C(=O)O,4
bide-uc-2783,Cc1ccc(Br)c(C)c1C(=O)O,4
bide-uc-1333,CC(C)(CCl)C(=O)O,4
bide-uc-777,O=C(O)C1CCC(F)(F)CC1,4
bide-uc-2474,O=C(O)c1c(F)ccc(Cl)c1Cl,4
bide-uc-1250,O=C(O)CC1CC1,4
bide-uc-1106,O=C(O)Cc1c(F)cccc1Cl,4
bide-uc-4655,O=C(O)[C@@H]1C[C@H]1c1ccccc1F,4
bide-uc-730,O=C(O)c1ccc(Cl)cc1Br,4
bide-uc-2027,O=C(O)c1cc(F)ccc1C(F)(F)F,4
bide-uc-4334,O=C(O)[C@@H]1C[C@H]1c1ccc(F)c(F)c1,4
bide-uc-2747,O=C(O)c1cc(Cl)cc(F)c1Cl,4
bide-uc-2137,CC[C@H](Br)C(=O)O,4
bide-uc-3960,O=C(O)C1=CCNCC1,4
bide-uc-3453,O=C(O)c1cc(Cl)c(Br)cc1F,4
bide-uc-4068,CC1CC(C(=O)O)C1,4
bide-uc-2741,Cc1ccc(C(O)C(=O)O)cc1,4
bide-uc-2973,COc1cc(C(F)(F)F)ccc1C(=O)O,4
bide-uc-1206,O=C(O)c1cc(F)cc(Cl)c1,4
bide-uc-1208,O=C(O)c1c(F)cccc1C(F)(F)F,4
bide-uc-569,Cc1c(Br)cccc1C(=O)O,4
bide-uc-321,CN(C)c1ccc(C(=O)O)cc1,4
bide-uc-55,O=C(O)c1cc(Cl)cc(Cl)c1,4
bide-uc-447,COc1cc(Cl)ccc1C(=O)O,4
bide-uc-1725,CN1CCC[C@@H]1C(=O)O,4
bide-uc-1072,C[C@@]1(C(=O)O)CCCN1,4
bide-uc-5305,O=C(O)c1c(O)cc(Br)cc1F,4
bide-uc-2615,C[C@](O)(C(=O)O)C(F)(F)F,4
bide-uc-2091,O=C(O)c1c(O)cccc1Cl,4
bide-uc-144,Cc1ccc(C(=O)O)c(O)c1,4
bide-uc-4010,O=C(O)c1ccc(CO)cc1F,4
bide-uc-2423,O=C(O)[C@@H]1C[C@@H](F)CN1,4
bide-uc-357,Cc1ccc(C)c(CC(=O)O)c1,4
bide-uc-626,Cc1ccc(C(=O)O)c(Cl)c1,4
bide-uc-199,CC(C)CC(=O)O,4
bide-uc-3777,O=C(O)C1CC1c1ccc(Cl)cc1,4
bide-uc-1139,Cc1ccc(CC(=O)O)c(C)c1,4
bide-uc-450,Cc1ccc(O)c(C(=O)O)c1,4
bide-uc-189,Cc1c(Cl)cccc1C(=O)O,4
bide-uc-883,O=C(O)c1cccc(F)c1Cl,4
bide-uc-348,Cc1cccc(C(=O)O)c1Cl,4
bide-uc-871,COc1ccc(Cl)cc1C(=O)O,4
bide-uc-2246,Cc1cc(Br)cc(C)c1C(=O)O,4
bide-uc-1796,CC1(C(=O)O)COC1,4
bide-uc-1636,O=C(O)c1cc(Cl)c(F)c(Cl)c1,4
bide-uc-2271,O=C(O)[C@@H]1COCCN1,4
bide-uc-3001,CC(C(=O)O)N1CCCC1,4
bide-uc-2377,COc1ccc(F)c(C(=O)O)c1,4
bide-uc-35,O=C(O)Cc1ccc(Cl)cc1,4
bide-uc-3142,Cc1c(F)cccc1CC(=O)O,4
bide-uc-2413,CC[C@@H](Br)C(=O)O,4
bide-uc-4448,O=C(O)Cc1cccc(Br)c1Cl,4
bide-uc-1879,O=C(O)c1cc(F)cc(Br)c1Cl,4
bide-uc-2663,O=C(O)C1CNC1,4
bide-uc-505,CC(C)C(Br)C(=O)O,4
bide-uc-3147,CC(=Cc1ccc(F)cc1)C(=O)O,4
bide-uc-1965,COc1cccc(Cl)c1C(=O)O,4
bide-uc-1339,O=C(O)c1cc(O)ccc1F,4
bide-uc-669,COc1ccc(C(=O)O)cc1Br,4
bide-uc-685,COc1ccc(C(=O)O)cc1F,4
bide-uc-582,CN1CCC(C(=O)O)CC1,4
bide-uc-3133,O=C(O)c1ccc(C(F)F)cc1,4
bide-uc-5206,CC(C)N1CC(C(=O)O)C1,4
bide-uc-14,O=C([O-])c1ccccc1,4
bide-uc-180,O=C(O)Cc1ccc(F)cc1,4
bide-uc-3919,CC(C(=O)O)c1ccccc1Cl,4
bide-uc-4364,O=C(O)C(F)(F)c1ccc(Cl)cc1,4
bide-uc-3185,O=CN1CCC[C@H]1C(=O)O,4
bide-uc-186,CC(C(=O)O)c1ccccc1,4
bide-uc-2460,O=C(O)C1(c2cccc(Cl)c2)CC1,4
bide-uc-5080,C=C(CO)C(=O)O,4
bide-uc-244,O=C(O)C(O)c1ccc(Cl)cc1,4
bide-uc-1630,CO[C@@H](C)C(=O)O,4
bide-uc-2992,Cc1ccc(C2(C(=O)O)CC2)cc1,4
bide-uc-455,O=C(O)C1CCCC1,4
bide-uc-291,O=C(O)C(Cl)Cl,4
bide-uc-781,O=C(O)Cc1ccc(F)cc1F,4
bide-uc-534,Cc1ccc(Br)cc1C(=O)O,4
bide-uc-698,O=C(O)c1c(F)cccc1Br,4
bide-uc-2896,O=C(O)C1(F)CCNCC1,4
bide-uc-4883,O=C(O)c1ccc(Br)c(F)c1O,4
bide-uc-5,CCC(=O)[O-],4
bide-uc-1024,O=C([O-])CBr,4
bide-uc-3899,Cc1ccc(F)c(C(=O)O)c1Br,4
bide-uc-2727,O=C(O)c1cc(F)c(F)c(Cl)c1,4
bide-uc-9,Cc1ccc(C(=O)O)cc1,4
bide-uc-93,CCC(C)C(=O)O,4
bide-uc-346,O=C(O)c1c(F)cccc1F,4
bide-uc-2167,COc1ccc(F)c(C(=O)O)c1F,4
bide-uc-306,COc1c(F)c(F)cc(C(=O)O)c1F,4
bide-uc-4111,O=C(O)c1cc(F)cc(Br)c1F,4
bide-uc-552,Cc1ccc(C(=O)O)c(F)c1,4
bide-uc-1674,O=C(O)c1cc(F)c(F)c(O)c1F,4
bide-uc-242,O=C(O)c1cc(F)c(F)c(F)c1F,4
bide-uc-4749,COc1cc(C(=O)O)cc(F)c1F,4
bide-uc-260,O=C(O)c1cc(F)ccc1Br,4
bide-uc-1017,Cc1ccc(C(=O)O)cc1C(F)(F)F,3
bide-uc-5173,O=C(O)c1c(F)cc(C(F)(F)F)cc1F,3
bide-uc-832,O=C(O)Cc1ccc(F)c(Br)c1,3
bide-uc-3584,O=C(O)c1cc(F)c(C(F)(F)F)c(F)c1,3
bide-uc-1940,O=C(O)Cc1cccc(Cl)c1F,3
bide-uc-3687,CC(C)[C@H](Cl)C(=O)O,3
bide-uc-1118,O=C(O)c1cccc2c1OCCO2,3
bide-uc-1276,CC(C)(C)OCC(=O)O,3
bide-uc-4483,CC(C)(C(=O)O)c1ccc(O)cc1,3
bide-uc-2584,O=C(O)C1Cc2ccccc2O1,3
bide-uc-16,O=C(O)Cc1ccc(Cl)cc1Cl,3
bide-uc-3232,O=C(O)c1cccc(O)c1F,3
bide-uc-4493,O=C(O)c1cccc(C(F)F)c1,3
bide-uc-2188,C[C@](O)(CBr)C(=O)O,3
bide-uc-2720,O=C(O)C1(c2cccc(F)c2)CCCC1,3
bide-uc-3011,Cc1cc(Br)cc(C(=O)O)c1O,3
bide-uc-1038,C=Cc1ccc(C(=O)O)cc1,3
bide-uc-872,O=C(O)C1(Br)CCC1,3
bide-uc-2926,O=C(O)Cc1ccc(O)cc1F,3
bide-uc-2444,Cc1cc(O)cc(C(=O)O)c1,3
bide-uc-3188,CC1(C(=O)O)CCCNC1,3
bide-uc-733,O=C(O)c1ccc(Br)c(O)c1,3
bide-uc-2400,O=C(O)CN1CCCC1,3
bide-uc-1449,Cc1cccc(Cl)c1C(=O)O,3
bide-uc-4038,C[C@H](O)CC(=O)O,3
bide-uc-175,O=C(O)Cc1ccc(Br)cc1,3
bide-uc-2005,O=C(O)C1CCc2ccccc2O1,3
bide-uc-3729,O=C(O)c1c(Br)ccc(F)c1F,3
bide-uc-3089,O=C(O)CC1CCCCN1,3
bide-uc-549,O=C(O)c1cc(F)c(F)cc1Cl,3
bide-uc-4385,CNc1cccc(C(=O)O)c1,3
bide-uc-3303,COc1c(Cl)cc(Cl)cc1C(=O)O,3
bide-uc-3631,O=C(O)C1(c2cccc(F)c2)CC1,3
bide-uc-1734,Cc1cccc(C(=O)O)c1F,3
bide-uc-4765,O=C(O)CC1CCNC1,3
bide-uc-3798,Cc1cccc(C)c1CC(=O)O,3
bide-uc-3764,C/C(=C\C(=O)O)c1ccccc1,3
bide-uc-862,Cc1cc(C(=O)O)ccc1F,3
bide-uc-4285,CCc1cc(Br)ccc1C(=O)O,3
bide-uc-2985,O=C(O)C1=CCCCO1,3
bide-uc-3813,O=C(O)c1cccc(C(F)(F)F)c1O,3
bide-uc-952,O=C(O)c1ccc(O)c(Cl)c1,3
bide-uc-2096,CN1CCCC[C@@H]1C(=O)O,3
bide-uc-96,O=C(O)C1CCNCC1,3
bide-uc-5234,COc1ccc2c(c1)CCNC2C(=O)O,3
bide-uc-4892,O=C(O)c1[nH]ccc1Br,3
bide-uc-4240,COc1c(Br)ccc(C(=O)O)c1F,3
bide-uc-85,O=C(O)c1cccc(Cl)c1Cl,3
bide-uc-2480,COc1ccc(C(F)(F)F)cc1C(=O)O,3
bide-uc-3436,Cn1c(Br)ccc1C(=O)O,3
bide-uc-1155,Cc1occc1C(=O)O,3
bide-uc-201,CC(=Cc1ccccc1)C(=O)O,3
bide-uc-36,O=C(O)Cc1ccccc1Cl,3
bide-uc-1377,CCC1CCC(C(=O)O)CC1,3
bide-uc-1166,COc1ccc(C(=O)O)c(Cl)c1,3
bide-uc-137,O=C(O)[C@H]1CCCN1,3
bide-uc-4230,O=C(O)C1(c2ccccc2)CC1(F)F,3
bide-uc-5414,C[C@H](C(=O)O)N1CCCC1,3
bide-uc-177,O=C(O)c1cc(Br)ccc1Cl,3
bide-uc-932,O=C(O)Cc1cc(Br)ccc1F,3
bide-uc-2966,O=C(O)c1ccc(O)c(C(F)(F)F)c1,3
bide-uc-1053,O=C(O)[C@H]1CCCO1,3
bide-uc-924,O=C(O)CC1CCCC1,3
bide-uc-3785,CN(C(=O)C(=O)O)c1ccccc1,3
bide-uc-1005,O=C(O)c1ccc(CO)cc1,3
bide-uc-4954,O=C(O)C1Cc2cc(Cl)ccc2N1,3
bide-uc-2979,O=C(O)CCO,3
bide-uc-837,O=C(O)c1ccc(C(F)(F)F)cc1F,3
bide-uc-1686,Cc1cccc(Br)c1C(=O)O,3
bide-uc-3530,CC1CCCC(C(=O)O)N1,3
bide-uc-3585,O=C(O)c1ccc(O)cc1Br,3
bide-uc-778,Cc1ccc(C(=O)O)cc1Cl,3
bide-uc-1856,O=C(O)c1ccccc1CBr,3
bide-uc-3612,O=C(O)C1CCOc2ccccc2O1,3
bide-uc-23,O=C(O)c1ccco1,3
bide-uc-331,O=C(O)c1ccc2c(c1)OCO2,3
bide-uc-977,O=C(O)c1ccc(O)cc1F,3
bide-uc-3776,Cc1c(Cl)ccc(C(=O)O)c1F,3
bide-uc-4735,COc1cc(C)c(Br)cc1C(=O)O,3
bide-uc-680,Cc1cc(F)ccc1C(=O)O,3
bide-uc-1905,O=C(O)c1cc(F)cc(F)c1Br,3
bide-uc-131,CC(C)(C)CC(=O)O,3
bide-uc-3628,Cc1c(Br)ccc(C(=O)O)c1F,3
bide-uc-360,CC1(C)C(C(=O)O)C1(C)C,3
bide-uc-4082,O=C(O)Cc1c(F)cc(Br)c(F)c1F,3
bide-uc-2543,O=C(O)c1cc(O)cc(C(F)(F)F)c1,3
bide-uc-2263,Cc1cc(C)cc(CC(=O)O)c1,3
bide-uc-4252,O=C(O)c1c(F)ccc(C(F)(F)F)c1F,3
bide-uc-5159,CNC1(C(=O)O)CC1,3
bide-uc-4286,Cc1cc(F)c(C(=O)O)cc1Br,3
bide-uc-3014,CC(O)(C(=O)O)C(F)(F)F,3
bide-uc-1653,O=C(O)c1cc(F)c(Br)cc1Cl,3
bide-uc-5282,Cc1cc(F)c(C(=O)O)c(Br)c1,3
bide-uc-1021,CC(CBr)C(=O)O,3
bide-uc-2633,C[C@]1(C(=O)O)CCCN1,3
bide-uc-1427,COc1ccc(F)cc1C(=O)O,3
bide-uc-4258,O=C(O)C1CC1c1ccc(F)cc1,3
bide-uc-4887,COc1cc(Br)c(F)cc1C(=O)O,3
bide-uc-923,O=C(O)Cc1ccc(Cl)cc1F,3
bide-uc-3686,O=C(O)C(O)CCl,3
bide-uc-3176,CN1CCN(C)C(C(=O)O)C1,3
bide-uc-1274,C[C@H](C(=O)O)c1ccccc1,3
bide-uc-4746,CC(C)(C(=O)O)c1ccccc1F,3
bide-uc-2284,CC(C)[C@@H](Br)C(=O)O,3
bide-uc-4616,O=C(O)C[C@@H]1CCNC1,3
bide-uc-443,O=C(O)C1CCOCC1,3
bide-uc-200,CC/C=C(\C)C(=O)O,3
bide-uc-5318,O=C(O)c1ccc(C(F)(F)F)c(O)c1,3
bide-uc-3252,CC1(C(=O)O)CCC1,3
bide-uc-2548,CN1CC(C(=O)O)C1,3
bide-uc-4969,O=C(O)C1CCC(O)C1,3
bide-uc-4028,CC1(C)OCC(C(=O)[O-])O1,3
bide-uc-243,O=C(O)Cc1ccc(Cl)c(Cl)c1,3
bide-uc-1388,CC(C)C(O)C(=O)O,3
bide-uc-277,O=C(O)Cc1ccccc1F,3
bide-uc-628,Cc1cc(Cl)ccc1C(=O)O,3
bide-uc-1728,O=C(O)[C@@H]1CCCNC1,3
bide-uc-565,O=C(O)Cc1ccc(F)cc1Cl,3
bide-uc-3701,O=C(O)C[C@H]1CCCN1,3
bide-uc-1230,C[C@@H](C(=O)O)c1ccccc1,3
bide-uc-1917,O=C(O)c1cccc(Br)c1O,3
bide-uc-2617,CC[C@H](O)C(=O)O,3
bide-uc-1732,COc1cc(Br)cc(C(=O)O)c1,3
bide-uc-209,O=C(O)C(Br)CBr,3
bide-uc-4,CC(C)(C)c1ccc(C(=O)O)cc1,3
bide-uc-901,O=C(O)CN1CCOCC1,3
bide-uc-25,O=C(O)c1ccc(Cl)cc1,3
bide-uc-961,O=C(O)Cc1c(F)cccc1F,3
bide-uc-623,O=C(O)c1ccc(Br)c(Cl)c1,3
bide-uc-1800,Cc1ccc(C(F)(F)F)cc1C(=O)O,3
bide-uc-1691,O=C(O)[C@@H]1CCCN1,3
bide-uc-2375,O=C(O)[C@H]1CCN1,3
bide-uc-1838,O=C(O)Cc1cc(F)cc(Cl)c1,3
bide-uc-120,Cc1ccc(CC(=O)O)cc1,3
bide-uc-1394,COc1cc(F)ccc1C(=O)O,3
bide-uc-3746,O=C(O)[C@H]1CNCCO1,3
bide-uc-4839,O=C(O)C(F)(F)c1ccc(F)cc1,3
bide-uc-1041,Cc1cc(O)ccc1C(=O)O,3
bide-uc-2,O=C[O-],3
bide-uc-3669,O=C(O)C1(O)CCCC1,3
bide-uc-1083,O=C(O)C1CCOC1,3
bide-uc-155,O=C(O)C1CC1,3
bide-uc-3026,O=C(O)Cc1cccc(Br)c1F,3
bide-uc-642,O=C(O)c1c(Cl)cccc1Br,3
bide-uc-4177,CCC1(C(=O)O)COC(C)(C)OC1,3
bide-uc-3389,CC(C)c1cccc(C(=O)O)c1,3
bide-uc-4610,CC[C@@H](O)C(=O)O,3
bide-uc-693,Cc1ccc(Cl)cc1C(=O)O,3
bide-uc-800,C=C(C(=O)O)c1ccccc1,3
bide-uc-2828,O=C(O)[C@@H]1CCN1,3
bide-uc-716,CC(=O)N1CCCC1C(=O)O,3
bide-uc-2439,O=C([O-])C(F)(Cl)Cl,3
bide-uc-2317,O=C(O)c1c(F)cc(Br)cc1Cl,3
bide-uc-285,COc1ccc(Br)c(C(=O)O)c1,3
bide-uc-641,O=C(O)c1cc(Cl)ccc1Br,3
bide-uc-4760,O=C(O)Cc1c(F)cc(F)cc1F,3
bide-uc-676,O=C(O)c1ccc(F)c(Cl)c1F,3
bide-uc-2123,O=C(O)c1cc(F)c(F)c(Br)c1F,3
bide-uc-3269,O=C(O)[C@@H]1C[C@H]1F,3
bide-uc-2371,O=C(O)c1cc(Br)c(Cl)cc1F,3
bide-uc-1774,O=C(O)[C@H]1CSCN1,2
bide-uc-3420,O=C(O)CC1CCCCCC1,2
bide-uc-1099,O=C(O)c1ccc(F)nc1F,2
bide-uc-2605,Cn1cc[n+](C)c1C(=O)[O-],2
bide-uc-59,O=C(O)Cc1ccc(O)cc1,2
bide-uc-4703,COc1ccc2c(c1)CC(C(=O)O)CO2,2
bide-uc-1995,O=C(O)Cc1cc(F)cc(C(F)(F)F)c1,2
bide-uc-4172,O=C(O)C1Cc2ccccc2CO1,2
bide-uc-1669,O=C(O)Cc1ccc(F)c(F)c1F,2
bide-uc-299,O=C(O)c1ccc(Br)cc1F,2
bide-uc-1023,Cc1ccc(O)cc1C(=O)O,2
bide-uc-1629,Cc1c(Cl)cc(F)cc1C(=O)O,2
bide-uc-652,O=C(O)C(O)c1cccc(Cl)c1,2
bide-uc-4150,CN1Cc2ccccc2CC1C(=O)O,2
bide-uc-2056,O=C(O)C1CCc2cc(F)ccc2O1,2
bide-uc-3140,COc1c(C(=O)O)ccc(Cl)c1Cl,2
bide-uc-5299,O=C(O)[C@@H]1C[C@@H]1c1ccccc1,2
bide-uc-4742,CN1CCOC(C(=O)O)C1,2
bide-uc-4647,O=C(O)C(F)(F)c1cccc(Br)c1,2
bide-uc-2715,COc1cc(C)cc(C(=O)O)c1,2
bide-uc-1074,O=C(O)C1(c2ccccc2)CC1,2
bide-uc-864,O=C(O)[C@@H]1Cc2ccccc2N1,2
bide-uc-909,O=C(O)c1ccc(Br)cc1O,2
bide-uc-3444,O=C(O)Cc1cc(F)c(F)cc1Br,2
bide-uc-2054,O=C(O)c1cccc(Cl)c1Br,2
bide-uc-581,O=C(O)c1ccc(O)c(F)c1,2
bide-uc-3759,COc1cc(F)c(Br)cc1C(=O)O,2
bide-uc-4300,C#CC(C)(C)C(=O)O,2
bide-uc-77,Cc1cccc(C(=O)O)c1O,2
bide-uc-1887,COc1cccc(Br)c1C(=O)O,2
bide-uc-4795,Cc1ccc(C(C)(C)C(=O)O)cc1,2
bide-uc-8,O=C(O)c1ccc(Cl)cc1Cl,2
bide-uc-87,O=C(O)c1ccc(O)cc1,2
bide-uc-3508,Cc1cc(Br)c(C(=O)O)cc1F,2
bide-uc-5049,CC(C)(C)c1ccccc1C(=O)O,2
bide-uc-2664,O=C(O)CC1CCC1,2
bide-uc-2534,O=C(O)C1(c2ccccc2Cl)CC1,2
bide-uc-389,O=C(O)c1cc(F)ccc1Cl,2
bide-uc-1523,O=C(O)C1=CCCC1,2
bide-uc-5223,COc1cc(C(=O)O)cc(Br)c1Cl,2
bide-uc-2229,CC(C)[C@@H](O)C(=O)O,2
bide-uc-4069,CC1(C(=O)O)CCOCC1,2
bide-uc-2310,O=C(O)c1cc(Br)c(Br)o1,2
bide-uc-4858,O=C(O)C1(c2ccccc2F)CC1,2
bide-uc-1579,O=C(O)Cc1cc(Cl)ccc1Br,2
bide-uc-3024,Cn1ccc(C(=O)O)c1,2
bide-uc-3223,CC(Br)c1ccc(C(=O)O)cc1,2
bide-uc-3695,O=C(O)c1cc(Cl)cc(Br)c1F,2
bide-uc-1564,COc1cc(C(=O)O)ccc1Br,2
bide-uc-280,Cc1ccccc1CC(=O)O,2
bide-uc-4660,Cc1cc(F)c(C(=O)O)cc1O,2
bide-uc-2305,O=C(O)Cc1cc(C(F)(F)F)ccc1F,2
bide-uc-3902,CC1=CCC(C(=O)O)CC1,2
bide-uc-3980,O=C(O)CC1CCCN1,2
bide-uc-2493,O=C(O)[C@H](O)c1ccc(Cl)cc1,2
bide-uc-826,O=C(O)c1ccc(Br)cc1Cl,2
bide-uc-695,COc1ccc(C(=O)O)cc1Cl,2
bide-uc-4404,O=C(O)c1cc(F)c(Cl)c(Cl)c1,2
bide-uc-1588,O=C(O)C1=CCCCC1,2
bide-uc-182,O=C(O)c1c(Cl)cccc1Cl,2
bide-uc-2194,CC1(C(=O)O)CCCCC1,2
bide-uc-1765,O=C(O)Cc1ccc(Br)cc1Cl,2
bide-uc-1909,O=C(O)CC1CCCNC1,2
bide-uc-1492,O=C(O)C1CCC(O)CC1,2
bide-uc-2740,Cc1cccc(CC(=O)O)c1C,2
bide-uc-236,O=C(O)C(O)c1ccccc1,2
bide-uc-5142,O=C(O)C1COCN1,2
bide-uc-3507,O=C(O)CN1CCCC1=O,2
bide-uc-1405,O=C(O)C(O)c1ccc(C(F)(F)F)cc1,2
bide-uc-3057,O=C(O)c1cccc2c1OCC2,2
bide-uc-1642,O=C(O)c1cc(Br)c[nH]1,2
bide-uc-2433,O=C(O)c1cc(O)cc(Cl)c1,2
bide-uc-2484,O=C(O)Cc1c(F)cc(Br)cc1F,2
bide-uc-4888,O=C(O)Cc1cc(F)c(Cl)cc1Cl,2
bide-uc-553,O=C(O)Cc1ccc(F)cc1Br,2
bide-uc-5295,O=C(O)CC1CCC(F)(F)CC1,2
bide-uc-824,CCc1ccccc1C(=O)O,2
bide-uc-4769,O=C(O)c1ccc(Br)cc1CO,2
bide-uc-1545,CN1CCC[C@H]1C(=O)O,2
bide-uc-3206,O=C(O)C(O)C1CCCCC1,2
bide-uc-5152,Cc1ccc(C(=O)O)c(O)c1C,2
bide-uc-1847,Cc1cc(Cl)cc(C(=O)O)c1,2
bide-uc-515,O=C(O)C(Br)c1ccccc1Cl,2
bide-uc-3406,O=C(O)C(O)c1c(F)cccc1F,2
bide-uc-1428,CC(C)(C)c1ccc(CC(=O)O)cc1,2
bide-uc-5146,Cc1ccc2c(c1)CCC2C(=O)O,2
bide-uc-4645,O=C(O)[C@@H](O)c1ccc(F)cc1,2
bide-uc-3136,O=C(O)c1coc(Br)c1,2
bide-uc-2225,COc1ccc(C(=O)O)c(C(F)(F)F)c1,2
bide-uc-436,O=C(O)C1COc2ccccc2O1,2
bide-uc-5150,O=C(O)C1(CO)CC1,2
bide-uc-4651,O=C(O)c1cc(C(F)(F)F)ccc1O,2
bide-uc-2301,O=C(O)c1ccc(Br)c(Br)c1,2
bide-uc-4875,O=C(O)C1CCCCCN1,2
bide-uc-1885,O=C(O)c1ccc(O)cc1Cl,2
bide-uc-1267,Cc1cc(C)c(C(=O)O)cc1C,2
bide-uc-2144,O=C(O)c1cccc(Br)c1Br,2
bide-uc-965,O=C(O)CC1CCCCC1,2
bide-uc-2507,Cc1cc(CC(=O)O)ccc1Br,2
bide-uc-1467,O=C(O)[C@@H]1C[C@H]1c1ccccc1,2
bide-uc-2909,Cc1cc(C)c(C(=O)O)[nH]1,2
bide-uc-885,O=C(O)c1ccc2c(c1)OCCO2,2
bide-uc-3961,O=C(O)c1c(F)cc(Cl)cc1Cl,2
bide-uc-221,COc1cccc(C(=O)O)c1C,2
bide-uc-4096,CC(=CC(=O)O)c1ccccc1,2
bide-uc-562,O=C(O)c1ccc(C(F)(F)F)c(F)c1,2
bide-uc-3754,O=C(O)C1CC1c1ccccc1,2
bide-uc-519,CC(=O)N1CCC[C@@H]1C(=O)O,2
bide-uc-2558,O=C(O)Cc1ccc(Br)c(Cl)c1,2
bide-uc-3652,O=C(O)C1(c2ccccc2Br)CC1,2
bide-uc-1638,Cc1ccc(C2(C(=O)O)CCCC2)cc1,2
bide-uc-1231,O=C(O)C1(C(F)(F)F)CC1,2
bide-uc-301,O=C(O)C1CCC1,2
bide-uc-1624,CC1(C(=O)O)CC1,2
bide-uc-5231,CON=C(C)C(=O)O,2
bide-uc-1775,O=C(O)c1cc(O)cc(F)c1,2
bide-uc-297,CCC(C)(C)C(=O)O,2
bide-uc-4134,CO[C@H](C)C(=O)O,2
bide-uc-4162,O=C(O)C1(c2ccc(Br)cc2F)CC1,2
bide-uc-2258,O=C(O)C1(C(F)(F)F)CCC1,2
bide-uc-69,COCC(=O)O,2
bide-uc-4243,O=C(O)Cc1cc(F)c(Br)cc1F,2
bide-uc-1319,O=C(O)Cc1cc(Cl)ccc1F,2
bide-uc-3699,O=C(O)c1ccc(F)c(Cl)c1Cl,2
bide-uc-388,Cc1cccc(C(=O)O)c1Br,2
bide-uc-368,O=C(O)c1cc(Br)cc(Br)c1,2
bide-uc-1799,O=C(O)Cc1cc(F)ccc1C(F)(F)F,2
bide-uc-290,O=C(O)Cc1cccc(Cl)c1,2
bide-uc-1481,O=C(O)C1CCCCO1,2
bide-uc-4907,O=C(O)c1ccc(O)c(F)c1F,2
bide-uc-4173,O=C(O)C1(c2cccc(F)c2)CCC1,2
bide-uc-3820,O=C(O)[C@H]1CCNC1,2
bide-uc-1600,O=C(O)C(F)(F)c1ccccc1,2
bide-uc-1227,COc1cc(C)ccc1C(=O)O,2
bide-uc-4991,O=C(O)C1=CCOC1,2
bide-uc-1497,O=C(O)C1=COCCC1,2
bide-uc-4995,O=C(O)C1NCCc2cc(F)ccc21,2
bide-uc-1528,O=C(O)C1Cc2ccccc2C1,2
bide-uc-1184,O=CN1CCC(C(=O)O)CC1,2
bide-uc-1692,O=C(O)C1(O)CCCCC1,2
bide-uc-1597,O=C(O)Cc1cc(Br)ccc1Br,2
bide-uc-1959,O=C(O)Cc1cccc(F)c1Br,2
bide-uc-43,O=C(O)C1CCCCC1,2
bide-uc-148,CC(C)(CO)C(=O)O,2
bide-uc-706,Cc1ccc(Cl)c(C(=O)O)c1,2
bide-uc-5284,Cc1ccc(F)c(CC(=O)O)c1,2
bide-uc-1167,O=C(O)C1CCCCCC1,2
bide-uc-4800,O=C(O)[C@@H]1C=CCN1,2
bide-uc-2415,CN(C)c1ccccc1C(=O)O,2
bide-uc-89,Cc1cc(C)cc(C(=O)O)c1,2
bide-uc-2117,COc1cc(Cl)cc(C(=O)O)c1,2
bide-uc-2566,Cc1cc(Br)oc1C(=O)O,2
bide-uc-818,Cc1ccc(C(=O)O)cc1O,2
bide-uc-406,O=C(O)c1ccc(C(F)(F)F)cc1O,2
bide-uc-3952,O=C(O)Cc1c(F)ccc(F)c1Br,2
bide-uc-2212,COc1cccc(C(=O)O)c1Br,2
bide-uc-31,COc1ccc(C(=O)O)cc1,2
bide-uc-1929,O=C(O)C(O)c1ccc(Br)cc1,2
bide-uc-3297,Cc1cc(F)cc(CC(=O)O)c1,2
bide-uc-2924,CN1CCCCC1C(=O)O,2
bide-uc-1359,O=C(O)[C@H]1CCCNC1,2
bide-uc-1904,CN1CCCC(C(=O)O)C1,2
bide-uc-689,Cc1ccc(C(=O)O)c(Br)c1,2
bide-uc-2295,Cc1ccoc1C(=O)O,2
bide-uc-3723,O=C(O)[C@@H](O)c1ccc(Cl)cc1,2
bide-uc-5145,Cc1c(F)ccc(C(=O)O)c1Cl,2
bide-uc-3290,Cc1cc(Br)ccc1CC(=O)O,2
bide-uc-3718,Cc1cc(CC(=O)O)ccc1F,2
bide-uc-2680,CC1(C(=O)O)CCNCC1,2
bide-uc-638,COc1ccc(Br)cc1C(=O)O,2
bide-uc-1105,O=C(O)C1Cc2ccccc2CN1,2
bide-uc-397,O=C/C(Br)=C(/Br)C(=O)O,2
bide-uc-1120,Cc1cccc(CC(=O)O)c1,2
bide-uc-165,CN(C)CC(=O)O,2
bide-uc-3725,CN1CCCC[C@H]1C(=O)O,2
bide-uc-62,O=C([O-])C(Cl)(Cl)Cl,2
bide-uc-1681,O=C(O)c1cccc(Br)c1Cl,2
bide-uc-286,O=C(O)C1CCCO1,2
bide-uc-5183,O=C(O)c1cc(F)c(Cl)c(Br)c1,2
bide-uc-3088,O=C(O)[C@@H]1CCNC1,2
bide-uc-1423,O=C(O)Cc1ccc(F)c(Cl)c1,2
bide-uc-4989,O=C(O)[C@@H](O)C1CCCCC1,2
bide-uc-1780,O=C(O)Cc1ccc(Cl)c(Br)c1,2
bide-uc-749,COc1cc(Br)ccc1C(=O)O,2
bide-uc-2810,COc1cccc(C(=O)O)c1Cl,2
bide-uc-1378,O=C(O)C1=COCC1,2
bide-uc-4637,O=C(O)C1CC(c2ccccc2)C1,2
bide-uc-893,COC(C)C(=O)O,2
bide-uc-1820,O=C(O)Cc1ccc(Cl)c(F)c1,2
bide-uc-4895,COc1cc(F)c(C(=O)O)cc1Br,2
bide-uc-4136,C[C@@](O)(CBr)C(=O)O,2
bide-uc-464,C[C@H]1CC[C@H](C(=O)O)CC1,2
bide-uc-4956,Cc1cc(C(=O)O)c(C)[nH]1,2
bide-uc-2216,O=C(O)Cc1cc(Br)ccc1Cl,2
bide-uc-4546,COc1cccc(C(F)(F)F)c1C(=O)O,2
bide-uc-3989,COc1cc(Cl)c(Cl)cc1C(=O)O,2
bide-uc-1546,Cc1cc(C(=O)O)c(Br)cc1F,2
bide-uc-3852,CC(O)(CC(=O)O)C(F)(F)F,2
bide-uc-1351,CC1CCC(C(=O)O)CC1,2
bide-uc-2859,CC(C)(C)c1cccc(C(=O)O)c1,2
bide-uc-1697,Cc1ccc(C(=O)O)o1,2
bide-uc-1961,O=C(O)c1cc2c(F)cc(F)cc2[nH]1,1
bide-uc-912,C[N+]1(C)CCC[C@H]1C(=O)O,1
bide-uc-2445,O=C(O)c1cc2ccc(Cl)cc2[nH]1,1
bide-uc-3080,O=C(O)C1(c2ccccc2)CCOCC1,1
bide-uc-4650,O=C(O)Cc1c[nH]c2cccc(F)c12,1
bide-uc-5167,O=C(O)C1CC(Cl)C1,1
bide-uc-2172,O=C(O)c1cccc2cc(O)ccc12,1
bide-uc-5278,O=C(O)c1cnc(F)c(Br)c1,1
bide-uc-4475,O=C(O)C1CNCCS1,1
bide-uc-4061,O=C(O)c1coc2cc(F)ccc12,1
bide-uc-4682,CC(C(=O)O)n1ccnc1,1
bide-uc-686,O=C(O)Cc1cccc(O)c1,1
bide-uc-3636,O=C(O)c1cccc(N2CCCC2)c1,1
bide-uc-1836,O=C(O)c1cc(OC(F)(F)F)ccc1F,1
bide-uc-2163,O=C(O)Cc1cc(Br)ccc1O,1
bide-uc-2254,O=C(O)c1cscc1Br,1
bide-uc-4505,O=C(O)CC1Cc2ccccc2C1,1
bide-uc-1489,COc1ccc(C(=O)O)c2ccccc12,1
bide-uc-2660,Cc1[nH]c2ccccc2c1C(=O)O,1
bide-uc-780,O=C(O)c1sccc1Br,1
bide-uc-3840,Cc1cscc1C(=O)O,1
bide-uc-1628,O=C(O)Cc1cc(F)ccc1Br,1
bide-uc-2324,O=C(O)[C@@H]1CCCc2ccccc21,1
bide-uc-506,O=C(O)c1cccc(CCl)c1,1
bide-uc-3095,Cc1cc(Cl)cc2cc(C(=O)O)[nH]c12,1
bide-uc-1571,Cn1cc(C(=O)O)ccc1=O,1
bide-uc-2954,O=C(O)c1ccc2c(c1)CCCC2,1
bide-uc-2779,COc1ccc(C(F)(F)F)c(C(=O)O)c1,1
bide-uc-2794,Cc1c(Br)csc1C(=O)O,1
bide-uc-5051,O=C(O)c1ccc2c(c1)CNCC2,1
bide-uc-3548,O=C(O)C1CC(=O)N(c2ccccc2)C1,1
bide-uc-2065,Cn1cc(Br)c(C(=O)O)n1,1
bide-uc-1269,O=C(O)c1cc(Br)cnc1F,1
bide-uc-2635,O=C(O)c1cc2cc(Br)ccc2o1,1
bide-uc-2265,O=C(O)c1c[nH]c2cc(Br)ccc12,1
bide-uc-2887,COc1cc2ccccc2cc1C(=O)O,1
bide-uc-2458,O=C(O)CC1=CCCCC1,1
bide-uc-1151,COc1ccc(C(=O)O)cc1C,1
bide-uc-12,O=C(O)c1cc(Cl)ccc1O,1
bide-uc-398,CC(C)c1ccc(C(=O)O)cc1,1
bide-uc-3707,CCC(O)C(=O)O,1
bide-uc-4529,Cc1ccc(Br)c(CC(=O)O)c1,1
bide-uc-1215,CNc1ccc(C(=O)O)cc1,1
bide-uc-2696,CC(C)(C)O[C@H]1CN[C@H](C(=O)O)C1,1
bide-uc-1658,COc1cc(C(=O)O)ccc1Cl,1
bide-uc-1508,O=C(O)Cc1ccc(F)cc1C(F)(F)F,1
bide-uc-2672,CC(=O)SCC(=O)O,1
bide-uc-132,O=C(O)[C@H](O)c1ccccc1,1
bide-uc-4358,O=C(O)C(F)(F)c1cccc(Cl)c1,1
bide-uc-905,O=C(O)Cc1ccccc1C(F)(F)F,1
bide-uc-898,O=C(O)c1cc(F)cc(C(F)(F)F)c1,1
bide-uc-1832,O=C(O)Cc1ccc(Cl)cc1Br,1
bide-uc-3994,O=C(O)c1cc(Cl)c[nH]1,1
bide-uc-1499,O=C(O)C(O)c1cc(F)cc(F)c1,1
bide-uc-2242,O=C(O)C1CCN1,1
bide-uc-2127,O=C(O)[C@H]1CC[C@@H](O)CC1,1
bide-uc-735,O=C(O)Cc1cc(Cl)cc(Cl)c1,1
bide-uc-3233,CN1CCC(C(=O)O)C1=O,1
bide-uc-2886,CC(C)c1ccccc1C(=O)O,1
bide-uc-3403,O=C(O)C1(c2ccccc2Br)CCC1,1
bide-uc-2207,O=C(O)[C@H]1CC[C@H](C(F)(F)F)CC1,1
bide-uc-4430,O=C(O)C1CCC(Br)C1,1
bide-uc-3715,Cc1ccc(C(=O)O)c(C(F)(F)F)c1,1
bide-uc-1213,O=C(O)C(O)c1ccc(F)cc1,1
bide-uc-1078,COc1ccc(C(=O)O)cc1C(F)(F)F,1
bide-uc-3175,O=C(O)C1COCCN1,1
bide-uc-4231,CC(C)(C(=O)O)c1cccc(Cl)c1,1
bide-uc-4564,CC1CCCC(CC(=O)O)C1,1
bide-uc-1437,O=C(O)C(Br)c1ccc(Cl)cc1,1
bide-uc-4540,O=C(O)Cc1cccc(Cl)c1Br,1
bide-uc-3225,Cc1ccc(CC(=O)O)cc1F,1
bide-uc-2160,COc1c(Cl)cc(C(=O)O)cc1Cl,1
bide-uc-558,CNc1ccccc1C(=O)O,1
bide-uc-1752,O=C(O)Cc1ccc(C(F)(F)F)c(F)c1,1
bide-uc-868,O=C(O)c1cc(C(F)(F)F)ccc1F,1
bide-uc-307,O=C(O)c1ccccc1C(F)(F)F,1
bide-uc-1342,O=C(O)Cc1cc(F)cc(F)c1,1
bide-uc-116,COc1cccc(C(=O)O)c1,1
bide-uc-2665,O=C(O)C(O)c1ccccc1Br,1
bide-uc-312,O=C(O)Cc1cccc(F)c1,1
bide-uc-554,COc1cc(C(=O)O)ccc1C,1
bide-uc-1962,O=C(O)Cc1cccc(F)c1Cl,1
bide-uc-2273,O=C(O)c1cccc(CO)c1,1
bide-uc-5377,O=C(O)c1cc(Br)c2c(c1)OCO2,1
bide-uc-550,O=C(O)Cc1cccc(F)c1F,1
bide-uc-5123,O=C(O)C1CC1c1cccc(Br)c1,1
bide-uc-4966,O=C(O)C1(Br)CC1,1
bide-uc-677,O=C(O)c1ccc(O)c(Br)c1,1
bide-uc-3903,O=C(O)C[C@@H]1CCCN1,1
bide-uc-1285,Cc1c(C(=O)O)cccc1C(F)(F)F,1
bide-uc-1610,O=C(O)c1ccc(Cl)c(O)c1,1
bide-uc-3092,O=C(O)c1cc(F)cc(CO)c1,1
bide-uc-3445,COc1ccc(F)c(C(=O)O)c1Cl,1
bide-uc-2236,COc1cc(C(=O)O)ccc1C(F)(F)F,1
bide-uc-462,O=C(O)[C@@H]1Cc2ccccc2CN1,1
bide-uc-1030,O=C(O)C1Cc2ccccc2N1,1
bide-uc-3466,COc1c(Cl)ccc(C(=O)O)c1F,1
bide-uc-1703,O=C(O)C1(c2ccc(Cl)cc2)CCC1,1
bide-uc-1398,Cc1ccc(C(=O)O)cc1C,1
bide-uc-1529,COc1ccc(C)cc1C(=O)O,1
bide-uc-361,O=C(O)Cc1cccc(Br)c1,1
bide-uc-1608,O=C(O)[C@H]1CC[C@H](O)CC1,1
bide-uc-2384,O=C(O)C1(c2ccc(F)cc2)CC1,1
bide-uc-283,O=C(O)Cc1ccccc1Br,1
bide-uc-4081,CC(O)c1ccc(C(=O)O)cc1,1
bide-uc-4382,O=C(O)Cc1c(Cl)cccc1Br,1
bide-uc-2737,O=C(O)C1(c2cccc(Br)c2)CC1,1
bide-uc-3387,O=C(O)Cc1cc(F)cc(Br)c1,1
bide-uc-5093,Cc1cc(C2CC2)ccc1C(=O)O,1
bide-uc-2502,O=C(O)C[c-]1cccc1,1
bide-uc-2369,O=C(O)Cc1cc(Cl)ccc1Cl,1
bide-uc-4820,O=C(O)C12CC(F)(C1)C2,1
bide-uc-2789,Cc1[nH]ccc1C(=O)O,1
bide-uc-1278,O=C(O)c1ccccc1CO,1
bide-uc-3829,Cc1cc(C(=O)O)cc(C(F)(F)F)c1,1
bide-uc-3078,O=C(O)Cc1ccc(O)c(F)c1,1
bide-uc-3198,CC(C)[C@@H]1CC[C@@H](C)C[C@H]1C(=O)O,1
bide-uc-5371,O=C(O)C1CC1c1cccc(Cl)c1,1
bide-uc-703,Cc1cccc(C(=O)O)c1C,1
bide-uc-4202,O=C(O)c1ccc(Br)c(CO)c1,1
bide-uc-281,O=C(O)C(O)c1ccccc1Cl,1
bide-uc-488,O=C(O)c1ccc[nH]1,1
bide-uc-3649,CC(C)(C(=O)O)c1ccc(Cl)cc1,1
bide-uc-4931,CC(C)c1ccc(C(=O)O)c(F)c1,1
bide-uc-204,O=C(O)c1ccc(Cl)c(Cl)c1,1
bide-uc-1945,O=C(O)Cc1cc(C(F)(F)F)ccc1Cl,1
bide-uc-4112,COc1ccc2c(c1)OCC(C(=O)O)C2,1
bide-uc-371,CC(C)[C@H]1CC[C@H](C(=O)O)CC1,1
bide-uc-2238,O=C(O)c1cc(O)cc(Br)c1,1
bide-uc-747,O=C(O)C(Br)c1ccccc1,1
bide-uc-1009,O=C(O)c1ccc(F)c(C(F)(F)F)c1,1
bide-uc-1047,O=C(O)c1cccc(C(F)(F)F)c1F,1
bide-uc-219,Cc1cc(C)c(C(=O)O)c(C)c1,1
bide-uc-472,O=C([O-])c1ccc(C(F)(F)F)cc1,1
bide-uc-2052,O=C(O)c1cccc(CBr)c1,1
bide-uc-3231,CNc1ccc(Br)cc1C(=O)O,1
bide-uc-3355,O=C(O)C1CNCCO1,1
bide-uc-3356,Cc1ccc(Br)cc1CC(=O)O,1
bide-uc-595,Cc1ccc(C)c(C(=O)O)c1,1
bide-uc-4937,CCc1cccc(C(=O)O)c1,1
bide-uc-3059,O=C(O)[C@H]1C[C@@H](O)C1,1
bide-uc-4227,O=C(O)C=C1CCNCC1,1
bide-uc-228,O=C(O)c1cc(Cl)ccc1Cl,1
bide-uc-3740,O=C(O)c1ccc(Br)c(O)c1Br,1
bide-uc-4262,COc1cc(Br)cc(C(=O)O)c1Cl,1
bide-uc-509,O=C(O)c1cc(Br)cc(Br)c1O,1
bide-uc-478,O=C(O)c1ccc(F)cc1C(F)(F)F,1
bide-uc-566,CC(=O)N1CCC(C(=O)O)CC1,1
bide-uc-418,O=C(O)c1cc(Br)ccc1O,1
bide-uc-2355,Cn1cc(Br)cc1C(=O)O,1
bide-uc-4688,O=C(O)C1CCC(O)(C(F)(F)F)CC1,1
bide-uc-1459,O=C(O)c1ccc(F)c(O)c1,1
bide-uc-2739,Cc1cc(Br)c(F)c(C(=O)O)c1,1
bide-uc-4441,CCN1CCC(C(=O)O)CC1,1
bide-uc-2256,COc1cc(C(=O)O)cc(C(F)(F)F)c1,1
bide-uc-815,O=C(O)Cc1ccc(C(F)(F)F)cc1,1
bide-uc-355,O=C(O)c1ccc(CCl)cc1,1
bide-uc-2481,O=C(O)c1cccc2c1OCO2,1
bide-uc-3053,CC(C)(C(=O)O)c1ccc(Br)cc1,1
bide-uc-2975,Cc1c(F)cc(C(=O)O)cc1Br,1
bide-uc-1025,O=C(O)CC1CCNCC1,1
bide-uc-1575,COc1ccc(Cl)c(C(=O)O)c1,1
bide-uc-918,O=C(O)[C@H]1Cc2ccccc2CN1,1
bide-uc-3883,CC(C)c1cccc(C(=O)O)c1O,1
bide-uc-546,O=C(O)[C@@H](O)c1ccccc1Cl,1
bide-uc-2530,O=C(O)C(Cl)c1ccccc1,1
bide-uc-5370,O=C(O)C1CC1c1ccccc1Br,1
bide-uc-684,O=C(O)[C@@H]1CCCCN1,1
bide-uc-1922,O=C(O)c1cccc(F)c1C(F)(F)F,1
bide-uc-3008,O=C(O)C1CCc2ccccc21,1
bide-uc-203,Cc1cc(C)c(CC(=O)O)c(C)c1,1
bide-uc-1591,O=C(O)Cc1ccc(F)c(C(F)(F)F)c1,1
bide-uc-3878,O=C(O)c1occc1Br,1
bide-uc-4159,Cc1c[nH]c(C(=O)O)c1C,1
bide-uc-3600,Cc1ccc2ccccc2c1C(=O)O,1
bide-uc-1569,O=C(O)c1cccc(Cl)c1O,1
bide-uc-754,Cc1cc(C(=O)O)ccc1Br,1
bide-uc-2959,O=C(O)Cc1c(Br)cccc1Br,1
bide-uc-4239,O=C(O)c1cc(F)nc(F)c1,1
bide-uc-4920,O=C(O)c1ccc(C2CC2)cc1,1
bide-uc-2509,O=C(O)[C@H](O)c1cccc(Cl)c1,1
bide-uc-5002,CS(=O)c1ccc(C(=O)O)cc1,1
bide-uc-2062,O=C(O)[C@H]1CCCCN1,1
bide-uc-3084,O=C(O)C1(c2ccccc2)CCC1,1
bide-uc-288,CCC=C(C)C(=O)O,1
bide-uc-3684,O=C(O)C=C1CCC1,1
bide-uc-2332,O=C(O)CC1CCOCC1,1
bide-uc-1841,O=C(O)Cc1ccc(Br)c(F)c1,1
bide-uc-4511,C#Cc1ccc(C(=O)O)cc1C,1
bide-uc-2840,COc1cc(C(=O)O)c(Br)cc1F,1
bide-uc-5017,O=C(O)C1CCc2ccccc2N1,1
bide-uc-4822,Cc1cccc(CC(=O)O)c1Br,1
bide-uc-121,CCc1ccc(C(=O)O)cc1,1
bide-uc-3132,O=C(O)C1=CCc2ccccc21,1
bide-uc-3962,O=C(O)C1CNc2ccccc2C1,1
bide-uc-2206,O=C(O)C1(c2ccc(Br)cc2)CCC1,1
bide-uc-5401,O=C(O)c1ccc2c(c1)CC2,1
bide-uc-1311,O=C(O)C1(c2ccc(Cl)cc2)CC1,1
bide-uc-1758,COc1c(Cl)cccc1C(=O)O,1
bide-uc-4126,Cc1c(C(=O)O)ccn1C,1
bide-uc-4049,O=C(O)c1ccc(Br)c(Cl)c1F,1
bide-uc-2250,O=C(O)[C@H]1CCc2cc(F)ccc2O1,1
bide-uc-3656,COc1cc(C(=O)O)c(Br)cc1C,1
bide-uc-3849,O=C(O)Cc1ccc(Br)cc1Br,1
bide-uc-2864,CC(C(=O)O)C1CCCCC1,1
bide-uc-386,O=C(O)[C@H](O)c1ccccc1Cl,1
bide-uc-3586,O=C(O)Cc1ccc(C(F)(F)F)cc1F,1
bide-uc-4058,O=C(O)C1CC(O)C1,1
bide-uc-305,O=C(O)c1ccc(Cl)cc1O,1
bide-uc-2762,COc1ccc(C(C)(C)C)cc1C(=O)O,1
bide-uc-2843,O=C(O)Cc1cc(Cl)cc(C(F)(F)F)c1,1
bide-uc-195,Cc1cc(C(=O)O)ccc1Cl,1
bide-uc-2323,CC(C)(C)[C@H]1CC[C@H](C(=O)O)CC1,1
bide-uc-2606,O=C(O)C=C1CCOCC1,1
bide-uc-172,O=C(O)c1cccc(C(F)(F)F)c1,1
bide-uc-2939,O=C(O)Cc1ccc(Cl)c(C(F)(F)F)c1,1
bide-uc-353,Cc1c(O)cccc1C(=O)O,1
bide-uc-3139,CN1CCC(C(=O)O)C1,1
bide-uc-2495,O=C(O)Cc1cc(F)ccc1Cl,1
bide-uc-1768,COc1ccc(C)c(C(=O)O)c1,1
bide-uc-4714,O=C(O)[C@H](O)C1CCCCC1,1
bide-uc-1478,Cc1ccc(CC(=O)O)cc1C,1
bide-uc-2654,O=C(O)c1ccc(O)cc1C(F)(F)F,1
bide-uc-4399,Cc1cc(O)c(C(=O)O)cc1Br,1
bide-uc-792,O=C(O)c1cc(F)c(Cl)cc1Cl,1
bide-uc-2515,Cc1cc(C(=O)O)c(C(F)(F)F)o1,1
bide-uc-2076,Cc1cc(C(=O)O)c(C)o1,1
bide-uc-5259,O=C(O)[C@@H]1COCCO1,1
bide-uc-3319,COc1c(C)cccc1C(=O)O,1
bide-uc-1303,O=C(O)Cc1cc(Br)cc(Br)c1,1
bide-uc-4210,O=C(O)C1CCc2ccc(Br)cc21,1
bide-uc-4234,O=C(O)c1ccccc1C(F)F,1
bide-uc-4497,O=C(O)c1cc(Br)co1,1
bide-uc-32,O=C(O)c1cccc(O)c1,1
bide-uc-5405,CCc1ccc(Br)cc1C(=O)O,1
bide-uc-925,COc1c(Cl)ccc(Cl)c1C(=O)O,1
bide-uc-5352,Cc1ccc(C(=O)O)n1C,1
bide-uc-3202,C[C@@H]1CCN[C@@H](C(=O)O)C1,1
bide-uc-1621,COc1c(C)cc(C(=O)O)cc1C,1
bide-uc-3085,O=C(O)C1COc2ccccc2C1,1
bide-uc-3716,Cc1ccc(SC(=O)C(=O)O)cc1,1
bide-uc-3456,COc1ccc2c(C(=O)O)cccc2c1,1
bide-uc-5248,O=C(O)c1cccc(O)c1Br,1
bide-uc-2255,Cc1cc(C(=O)O)cc(C)c1Br,1
bide-uc-2272,O=C(O)C1=Cc2ccccc2OC1,1
bide-uc-4847,O=C(O)[C@@H]1COc2ccccc2O1,1
bide-uc-2446,O=C(O)C(=O)N1CCc2ccccc2C1,1
bide-uc-4620,Cc1ccc(CC(=O)O)cc1C(F)(F)F,1
bide-uc-1216,C=CC(C)C(=O)O,1
bide-uc-356,O=C(O)C1CCCCN1,1
bide-uc-396,O=C(O)C1CCCNC1,1
bide-uc-319,Cc1ccc(C(=O)O)c2ccccc12,1
bide-uc-1912,O=C(O)c1cc(O)ccc1Br,1
bide-uc-4837,C#Cc1ccc(C(=O)O)c(Cl)c1,1
bide-uc-264,O=C(O)c1ccc(Br)o1,1
bide-uc-3946,O=C(O)c1cccc(OC(F)(F)F)c1F,1
bide-uc-2221,O=C(O)c1ccc(F)c(OC(F)(F)F)c1,1
bide-uc-3661,Cc1c(C(=O)O)oc2ccc(F)cc12,1
bide-uc-467,O=C(O)Cc1c(Cl)cccc1Cl,1
bide-uc-4051,O=C(O)C=C1CCCCC1,1
bide-uc-1372,O=C(O)C1(c2ccc(Br)cc2)CC1,1
bide-uc-2582,O=C(O)c1cc[nH]c1,1
